Device,Network Classification,Low Port,High Port,Protocol,Service,Boundary 1,Boundary 2,Boundary 3,Boundary 4,Boundary 5,Boundary 6,Boundary 7,Boundary 8,Boundary 9,Boundary 10,Boundary 11,Boundary 12,Boundary 13,Boundary 14,Boundary 15,Boundary 16,Comments,Scanner,Scanner Version,Credentialed?
SOT-WIN2K22-01,,123,,udp,ntp?,,,,,,,,,,,,,,,,,,ACAS / Nessus,10.10.1.202603040133,True
SOT-WIN2K22-01,,135,,tcp,epmap,,,,,,,,,,,,,,,,,,ACAS / Nessus,10.10.1.202603040133,True
SOT-WIN2K22-01,,137,,udp,netbios-ns,,,,,,,,,,,,,,,,,,ACAS / Nessus,10.10.1.202603040133,True
SOT-WIN2K22-01,,138,,udp,netbios-dgm?,,,,,,,,,,,,,,,,,,ACAS / Nessus,10.10.1.202603040133,True
SOT-WIN2K22-01,,139,,tcp,smb,,,,,,,,,,,,,,,,,,ACAS / Nessus,10.10.1.202603040133,True
SOT-WIN2K22-01,,445,,tcp,cifs,,,,,,,,,,,,,,,,,,ACAS / Nessus,10.10.1.202603040133,True
SOT-WIN2K22-01,,500,,udp,isakmp?,,,,,,,,,,,,,,,,,,ACAS / Nessus,10.10.1.202603040133,True
SOT-WIN2K22-01,,3702,,udp,upnp-discovery?,,,,,,,,,,,,,,,,,,ACAS / Nessus,10.10.1.202603040133,True
SOT-WIN2K22-01,,4500,,udp,ipsec-nat-t?,,,,,,,,,,,,,,,,,,ACAS / Nessus,10.10.1.202603040133,True
SOT-WIN2K22-01,,5353,,udp,mdns?,,,,,,,,,,,,,,,,,,ACAS / Nessus,10.10.1.202603040133,True
SOT-WIN2K22-01,,5355,,udp,llmnr?,,,,,,,,,,,,,,,,,,ACAS / Nessus,10.10.1.202603040133,True
SOT-WIN2K22-01,,5357,,tcp,www,,,,,,,,,,,,,,,,,,ACAS / Nessus,10.10.1.202603040133,True
SOT-WIN2K22-01,,5985,,tcp,www,,,,,,,,,,,,,,,,,,ACAS / Nessus,10.10.1.202603040133,True
SOT-WIN2K22-01,,47001,,tcp,www,,,,,,,,,,,,,,,,,,ACAS / Nessus,10.10.1.202603040133,True
SOT-WIN2K22-01,,49664,,tcp,dce-rpc,,,,,,,,,,,,,,,,,,ACAS / Nessus,10.10.1.202603040133,True
SOT-WIN2K22-01,,49665,,tcp,dce-rpc,,,,,,,,,,,,,,,,,,ACAS / Nessus,10.10.1.202603040133,True
SOT-WIN2K22-01,,49666,,tcp,dce-rpc,,,,,,,,,,,,,,,,,,ACAS / Nessus,10.10.1.202603040133,True
SOT-WIN2K22-01,,49667,,tcp,dce-rpc,,,,,,,,,,,,,,,,,,ACAS / Nessus,10.10.1.202603040133,True
SOT-WIN2K22-01,,49668,,tcp,dce-rpc,,,,,,,,,,,,,,,,,,ACAS / Nessus,10.10.1.202603040133,True
SOT-WIN2K22-01,,49669,,tcp,dce-rpc,,,,,,,,,,,,,,,,,,ACAS / Nessus,10.10.1.202603040133,True
SOT-WIN2K22-01,,49670,,tcp,dce-rpc,,,,,,,,,,,,,,,,,,ACAS / Nessus,10.10.1.202603040133,True
SOT-WIN2K22-01,,49676,,tcp,unknown,,,,,,,,,,,,,,,,,,ACAS / Nessus,10.10.1.202603040133,True
SOT-WIN2K22-01,,59695,,udp,unknown,,,,,,,,,,,,,,,,,,ACAS / Nessus,10.10.1.202603040133,True
SOT-WIN2K22-01,,59697,,udp,unknown,,,,,,,,,,,,,,,,,,ACAS / Nessus,10.10.1.202603040133,True
SOT-WIN2K22-02,,123,,udp,ntp?,,,,,,,,,,,,,,,,,,ACAS / Nessus,10.10.1.202603040133,True
SOT-WIN2K22-02,,135,,tcp,epmap,,,,,,,,,,,,,,,,,,ACAS / Nessus,10.10.1.202603040133,True
SOT-WIN2K22-02,,137,,udp,netbios-ns,,,,,,,,,,,,,,,,,,ACAS / Nessus,10.10.1.202603040133,True
SOT-WIN2K22-02,,138,,udp,netbios-dgm?,,,,,,,,,,,,,,,,,,ACAS / Nessus,10.10.1.202603040133,True
SOT-WIN2K22-02,,139,,tcp,smb,,,,,,,,,,,,,,,,,,ACAS / Nessus,10.10.1.202603040133,True
SOT-WIN2K22-02,,445,,tcp,cifs,,,,,,,,,,,,,,,,,,ACAS / Nessus,10.10.1.202603040133,True
SOT-WIN2K22-02,,500,,udp,isakmp?,,,,,,,,,,,,,,,,,,ACAS / Nessus,10.10.1.202603040133,True
SOT-WIN2K22-02,,3702,,udp,upnp-discovery?,,,,,,,,,,,,,,,,,,ACAS / Nessus,10.10.1.202603040133,True
SOT-WIN2K22-02,,4500,,udp,ipsec-nat-t?,,,,,,,,,,,,,,,,,,ACAS / Nessus,10.10.1.202603040133,True
SOT-WIN2K22-02,,5353,,udp,mdns?,,,,,,,,,,,,,,,,,,ACAS / Nessus,10.10.1.202603040133,True
SOT-WIN2K22-02,,5355,,udp,llmnr?,,,,,,,,,,,,,,,,,,ACAS / Nessus,10.10.1.202603040133,True
SOT-WIN2K22-02,,5357,,tcp,www,,,,,,,,,,,,,,,,,,ACAS / Nessus,10.10.1.202603040133,True
SOT-WIN2K22-02,,5985,,tcp,www,,,,,,,,,,,,,,,,,,ACAS / Nessus,10.10.1.202603040133,True
SOT-WIN2K22-02,,47001,,tcp,www,,,,,,,,,,,,,,,,,,ACAS / Nessus,10.10.1.202603040133,True
SOT-WIN2K22-02,,49664,,tcp,dce-rpc,,,,,,,,,,,,,,,,,,ACAS / Nessus,10.10.1.202603040133,True
SOT-WIN2K22-02,,49665,,tcp,dce-rpc,,,,,,,,,,,,,,,,,,ACAS / Nessus,10.10.1.202603040133,True
SOT-WIN2K22-02,,49666,,tcp,dce-rpc,,,,,,,,,,,,,,,,,,ACAS / Nessus,10.10.1.202603040133,True
SOT-WIN2K22-02,,49667,,tcp,dce-rpc,,,,,,,,,,,,,,,,,,ACAS / Nessus,10.10.1.202603040133,True
SOT-WIN2K22-02,,49668,,tcp,dce-rpc,,,,,,,,,,,,,,,,,,ACAS / Nessus,10.10.1.202603040133,True
SOT-WIN2K22-02,,49669,,tcp,dce-rpc,,,,,,,,,,,,,,,,,,ACAS / Nessus,10.10.1.202603040133,True
SOT-WIN2K22-02,,49670,,tcp,dce-rpc,,,,,,,,,,,,,,,,,,ACAS / Nessus,10.10.1.202603040133,True
SOT-WIN2K22-02,,49678,,tcp,unknown,,,,,,,,,,,,,,,,,,ACAS / Nessus,10.10.1.202603040133,True
SOT-WIN2K22-02,,62327,,udp,unknown,,,,,,,,,,,,,,,,,,ACAS / Nessus,10.10.1.202603040133,True
SOT-WIN2K22-02,,62329,,udp,unknown,,,,,,,,,,,,,,,,,,ACAS / Nessus,10.10.1.202603040133,True
SOT-WIN2K22-SQL,,123,,udp,ntp?,,,,,,,,,,,,,,,,,,ACAS / Nessus,10.10.1.202603040133,True
SOT-WIN2K22-SQL,,135,,tcp,epmap,,,,,,,,,,,,,,,,,,ACAS / Nessus,10.10.1.202603040133,True
SOT-WIN2K22-SQL,,137,,udp,netbios-ns,,,,,,,,,,,,,,,,,,ACAS / Nessus,10.10.1.202603040133,True
SOT-WIN2K22-SQL,,138,,udp,netbios-dgm?,,,,,,,,,,,,,,,,,,ACAS / Nessus,10.10.1.202603040133,True
SOT-WIN2K22-SQL,,139,,tcp,smb,,,,,,,,,,,,,,,,,,ACAS / Nessus,10.10.1.202603040133,True
SOT-WIN2K22-SQL,,445,,tcp,cifs,,,,,,,,,,,,,,,,,,ACAS / Nessus,10.10.1.202603040133,True
SOT-WIN2K22-SQL,,500,,udp,isakmp?,,,,,,,,,,,,,,,,,,ACAS / Nessus,10.10.1.202603040133,True
SOT-WIN2K22-SQL,,3702,,udp,upnp-discovery?,,,,,,,,,,,,,,,,,,ACAS / Nessus,10.10.1.202603040133,True
SOT-WIN2K22-SQL,,4500,,udp,ipsec-nat-t?,,,,,,,,,,,,,,,,,,ACAS / Nessus,10.10.1.202603040133,True
SOT-WIN2K22-SQL,,5353,,udp,mdns?,,,,,,,,,,,,,,,,,,ACAS / Nessus,10.10.1.202603040133,True
SOT-WIN2K22-SQL,,5355,,udp,llmnr?,,,,,,,,,,,,,,,,,,ACAS / Nessus,10.10.1.202603040133,True
SOT-WIN2K22-SQL,,5357,,tcp,www,,,,,,,,,,,,,,,,,,ACAS / Nessus,10.10.1.202603040133,True
SOT-WIN2K22-SQL,,5985,,tcp,www,,,,,,,,,,,,,,,,,,ACAS / Nessus,10.10.1.202603040133,True
SOT-WIN2K22-SQL,,47001,,tcp,www,,,,,,,,,,,,,,,,,,ACAS / Nessus,10.10.1.202603040133,True
SOT-WIN2K22-SQL,,49664,,tcp,dce-rpc,,,,,,,,,,,,,,,,,,ACAS / Nessus,10.10.1.202603040133,True
SOT-WIN2K22-SQL,,49665,,tcp,dce-rpc,,,,,,,,,,,,,,,,,,ACAS / Nessus,10.10.1.202603040133,True
SOT-WIN2K22-SQL,,49666,,tcp,dce-rpc,,,,,,,,,,,,,,,,,,ACAS / Nessus,10.10.1.202603040133,True
SOT-WIN2K22-SQL,,49667,,tcp,dce-rpc,,,,,,,,,,,,,,,,,,ACAS / Nessus,10.10.1.202603040133,True
SOT-WIN2K22-SQL,,49668,,tcp,dce-rpc,,,,,,,,,,,,,,,,,,ACAS / Nessus,10.10.1.202603040133,True
SOT-WIN2K22-SQL,,49669,,tcp,dce-rpc,,,,,,,,,,,,,,,,,,ACAS / Nessus,10.10.1.202603040133,True
SOT-WIN2K22-SQL,,49670,,tcp,dce-rpc,,,,,,,,,,,,,,,,,,ACAS / Nessus,10.10.1.202603040133,True
SOT-WIN2K22-SQL,,49679,,tcp,unknown,,,,,,,,,,,,,,,,,,ACAS / Nessus,10.10.1.202603040133,True
SOT-WIN2K22-SQL,,58710,,udp,unknown,,,,,,,,,,,,,,,,,,ACAS / Nessus,10.10.1.202603040133,True
SOT-WIN2K22-WEB,,80,,tcp,www,,,,,,,,,,,,,,,,,,ACAS / Nessus,10.10.1.202603040133,True
SOT-WIN2K22-WEB,,123,,udp,ntp?,,,,,,,,,,,,,,,,,,ACAS / Nessus,10.10.1.202603040133,True
SOT-WIN2K22-WEB,,135,,tcp,epmap,,,,,,,,,,,,,,,,,,ACAS / Nessus,10.10.1.202603040133,True
SOT-WIN2K22-WEB,,137,,udp,netbios-ns,,,,,,,,,,,,,,,,,,ACAS / Nessus,10.10.1.202603040133,True
SOT-WIN2K22-WEB,,138,,udp,netbios-dgm?,,,,,,,,,,,,,,,,,,ACAS / Nessus,10.10.1.202603040133,True
SOT-WIN2K22-WEB,,139,,tcp,smb,,,,,,,,,,,,,,,,,,ACAS / Nessus,10.10.1.202603040133,True
SOT-WIN2K22-WEB,,445,,tcp,cifs,,,,,,,,,,,,,,,,,,ACAS / Nessus,10.10.1.202603040133,True
SOT-WIN2K22-WEB,,500,,udp,isakmp?,,,,,,,,,,,,,,,,,,ACAS / Nessus,10.10.1.202603040133,True
SOT-WIN2K22-WEB,,3702,,udp,upnp-discovery?,,,,,,,,,,,,,,,,,,ACAS / Nessus,10.10.1.202603040133,True
SOT-WIN2K22-WEB,,4500,,udp,ipsec-nat-t?,,,,,,,,,,,,,,,,,,ACAS / Nessus,10.10.1.202603040133,True
SOT-WIN2K22-WEB,,5353,,udp,mdns?,,,,,,,,,,,,,,,,,,ACAS / Nessus,10.10.1.202603040133,True
SOT-WIN2K22-WEB,,5355,,udp,llmnr?,,,,,,,,,,,,,,,,,,ACAS / Nessus,10.10.1.202603040133,True
SOT-WIN2K22-WEB,,5357,,tcp,www,,,,,,,,,,,,,,,,,,ACAS / Nessus,10.10.1.202603040133,True
SOT-WIN2K22-WEB,,5985,,tcp,www,,,,,,,,,,,,,,,,,,ACAS / Nessus,10.10.1.202603040133,True
SOT-WIN2K22-WEB,,8020,,tcp,www,,,,,,,,,,,,,,,,,,ACAS / Nessus,10.10.1.202603040133,True
SOT-WIN2K22-WEB,,8080,,tcp,www,,,,,,,,,,,,,,,,,,ACAS / Nessus,10.10.1.202603040133,True
SOT-WIN2K22-WEB,,47001,,tcp,www,,,,,,,,,,,,,,,,,,ACAS / Nessus,10.10.1.202603040133,True
SOT-WIN2K22-WEB,,49664,,tcp,dce-rpc,,,,,,,,,,,,,,,,,,ACAS / Nessus,10.10.1.202603040133,True
SOT-WIN2K22-WEB,,49665,,tcp,dce-rpc,,,,,,,,,,,,,,,,,,ACAS / Nessus,10.10.1.202603040133,True
SOT-WIN2K22-WEB,,49666,,tcp,dce-rpc,,,,,,,,,,,,,,,,,,ACAS / Nessus,10.10.1.202603040133,True
SOT-WIN2K22-WEB,,49667,,tcp,dce-rpc,,,,,,,,,,,,,,,,,,ACAS / Nessus,10.10.1.202603040133,True
SOT-WIN2K22-WEB,,49668,,tcp,dce-rpc,,,,,,,,,,,,,,,,,,ACAS / Nessus,10.10.1.202603040133,True
SOT-WIN2K22-WEB,,49669,,tcp,dce-rpc,,,,,,,,,,,,,,,,,,ACAS / Nessus,10.10.1.202603040133,True
SOT-WIN2K22-WEB,,49674,,tcp,dce-rpc,,,,,,,,,,,,,,,,,,ACAS / Nessus,10.10.1.202603040133,True
SOT-WIN2K22-WEB,,49677,,tcp,unknown,,,,,,,,,,,,,,,,,,ACAS / Nessus,10.10.1.202603040133,True
SOT-WIN2K22-WEB,,53727,,udp,unknown,,,,,,,,,,,,,,,,,,ACAS / Nessus,10.10.1.202603040133,True
SOT-WIN2K22-WEB,,57520,,udp,unknown,,,,,,,,,,,,,,,,,,ACAS / Nessus,10.10.1.202603040133,True
WKS1-SOTERIA,,123,,udp,ntp?,,,,,,,,,,,,,,,,,,ACAS / Nessus,10.10.1.202603040133,True
WKS1-SOTERIA,,135,,tcp,epmap,,,,,,,,,,,,,,,,,,ACAS / Nessus,10.10.1.202603040133,True
WKS1-SOTERIA,,137,,udp,netbios-ns,,,,,,,,,,,,,,,,,,ACAS / Nessus,10.10.1.202603040133,True
WKS1-SOTERIA,,138,,udp,netbios-dgm?,,,,,,,,,,,,,,,,,,ACAS / Nessus,10.10.1.202603040133,True
WKS1-SOTERIA,,139,,tcp,smb,,,,,,,,,,,,,,,,,,ACAS / Nessus,10.10.1.202603040133,True
WKS1-SOTERIA,,445,,tcp,cifs,,,,,,,,,,,,,,,,,,ACAS / Nessus,10.10.1.202603040133,True
WKS1-SOTERIA,,500,,udp,isakmp?,,,,,,,,,,,,,,,,,,ACAS / Nessus,10.10.1.202603040133,True
WKS1-SOTERIA,,1900,,udp,ssdp?,,,,,,,,,,,,,,,,,,ACAS / Nessus,10.10.1.202603040133,True
WKS1-SOTERIA,,4500,,udp,ipsec-nat-t?,,,,,,,,,,,,,,,,,,ACAS / Nessus,10.10.1.202603040133,True
WKS1-SOTERIA,,5040,,tcp,unknown,,,,,,,,,,,,,,,,,,ACAS / Nessus,10.10.1.202603040133,True
WKS1-SOTERIA,,5050,,udp,mmcc?,,,,,,,,,,,,,,,,,,ACAS / Nessus,10.10.1.202603040133,True
WKS1-SOTERIA,,5353,,udp,mdns?,,,,,,,,,,,,,,,,,,ACAS / Nessus,10.10.1.202603040133,True
WKS1-SOTERIA,,5355,,udp,llmnr?,,,,,,,,,,,,,,,,,,ACAS / Nessus,10.10.1.202603040133,True
WKS1-SOTERIA,,7680,,tcp,unknown,,,,,,,,,,,,,,,,,,ACAS / Nessus,10.10.1.202603040133,True
WKS1-SOTERIA,,49664,,tcp,dce-rpc,,,,,,,,,,,,,,,,,,ACAS / Nessus,10.10.1.202603040133,True
WKS1-SOTERIA,,49665,,tcp,dce-rpc,,,,,,,,,,,,,,,,,,ACAS / Nessus,10.10.1.202603040133,True
WKS1-SOTERIA,,49666,,tcp,dce-rpc,,,,,,,,,,,,,,,,,,ACAS / Nessus,10.10.1.202603040133,True
WKS1-SOTERIA,,49667,,tcp,dce-rpc,,,,,,,,,,,,,,,,,,ACAS / Nessus,10.10.1.202603040133,True
WKS1-SOTERIA,,49668,,tcp,dce-rpc,,,,,,,,,,,,,,,,,,ACAS / Nessus,10.10.1.202603040133,True
WKS1-SOTERIA,,49670,,tcp,dce-rpc,,,,,,,,,,,,,,,,,,ACAS / Nessus,10.10.1.202603040133,True
WKS1-SOTERIA,,49674,,tcp,dce-rpc,,,,,,,,,,,,,,,,,,ACAS / Nessus,10.10.1.202603040133,True
WKS1-SOTERIA,,49698,,tcp,unknown,,,,,,,,,,,,,,,,,,ACAS / Nessus,10.10.1.202603040133,True
WKS1-SOTERIA,,53550,,udp,unknown,,,,,,,,,,,,,,,,,,ACAS / Nessus,10.10.1.202603040133,True
WKS1-SOTERIA,,55205,,udp,unknown,,,,,,,,,,,,,,,,,,ACAS / Nessus,10.10.1.202603040133,True
WKS1-SOTERIA,,56133,,udp,unknown,,,,,,,,,,,,,,,,,,ACAS / Nessus,10.10.1.202603040133,True
WKS2-SOTERIA,,123,,udp,ntp?,,,,,,,,,,,,,,,,,,ACAS / Nessus,10.10.1.202603040133,True
WKS2-SOTERIA,,135,,tcp,epmap,,,,,,,,,,,,,,,,,,ACAS / Nessus,10.10.1.202603040133,True
WKS2-SOTERIA,,137,,udp,netbios-ns,,,,,,,,,,,,,,,,,,ACAS / Nessus,10.10.1.202603040133,True
WKS2-SOTERIA,,138,,udp,netbios-dgm?,,,,,,,,,,,,,,,,,,ACAS / Nessus,10.10.1.202603040133,True
WKS2-SOTERIA,,139,,tcp,smb,,,,,,,,,,,,,,,,,,ACAS / Nessus,10.10.1.202603040133,True
WKS2-SOTERIA,,445,,tcp,cifs,,,,,,,,,,,,,,,,,,ACAS / Nessus,10.10.1.202603040133,True
WKS2-SOTERIA,,500,,udp,isakmp?,,,,,,,,,,,,,,,,,,ACAS / Nessus,10.10.1.202603040133,True
WKS2-SOTERIA,,1900,,udp,ssdp?,,,,,,,,,,,,,,,,,,ACAS / Nessus,10.10.1.202603040133,True
WKS2-SOTERIA,,4500,,udp,ipsec-nat-t?,,,,,,,,,,,,,,,,,,ACAS / Nessus,10.10.1.202603040133,True
WKS2-SOTERIA,,5040,,tcp,unknown,,,,,,,,,,,,,,,,,,ACAS / Nessus,10.10.1.202603040133,True
WKS2-SOTERIA,,5050,,udp,mmcc?,,,,,,,,,,,,,,,,,,ACAS / Nessus,10.10.1.202603040133,True
WKS2-SOTERIA,,5353,,udp,mdns?,,,,,,,,,,,,,,,,,,ACAS / Nessus,10.10.1.202603040133,True
WKS2-SOTERIA,,5355,,udp,llmnr?,,,,,,,,,,,,,,,,,,ACAS / Nessus,10.10.1.202603040133,True
WKS2-SOTERIA,,7680,,tcp,unknown,,,,,,,,,,,,,,,,,,ACAS / Nessus,10.10.1.202603040133,True
WKS2-SOTERIA,,49664,,tcp,dce-rpc,,,,,,,,,,,,,,,,,,ACAS / Nessus,10.10.1.202603040133,True
WKS2-SOTERIA,,49665,,tcp,dce-rpc,,,,,,,,,,,,,,,,,,ACAS / Nessus,10.10.1.202603040133,True
WKS2-SOTERIA,,49666,,tcp,dce-rpc,,,,,,,,,,,,,,,,,,ACAS / Nessus,10.10.1.202603040133,True
WKS2-SOTERIA,,49667,,tcp,dce-rpc,,,,,,,,,,,,,,,,,,ACAS / Nessus,10.10.1.202603040133,True
WKS2-SOTERIA,,49668,,tcp,dce-rpc,,,,,,,,,,,,,,,,,,ACAS / Nessus,10.10.1.202603040133,True
WKS2-SOTERIA,,49670,,tcp,dce-rpc,,,,,,,,,,,,,,,,,,ACAS / Nessus,10.10.1.202603040133,True
WKS2-SOTERIA,,49673,,tcp,dce-rpc,,,,,,,,,,,,,,,,,,ACAS / Nessus,10.10.1.202603040133,True
WKS2-SOTERIA,,49682,,tcp,unknown,,,,,,,,,,,,,,,,,,ACAS / Nessus,10.10.1.202603040133,True
WKS2-SOTERIA,,49709,,udp,unknown,,,,,,,,,,,,,,,,,,ACAS / Nessus,10.10.1.202603040133,True
WKS2-SOTERIA,,51169,,udp,unknown,,,,,,,,,,,,,,,,,,ACAS / Nessus,10.10.1.202603040133,True
WKS2-SOTERIA,,60891,,udp,unknown,,,,,,,,,,,,,,,,,,ACAS / Nessus,10.10.1.202603040133,True
WKS3-SOTERIA,,123,,udp,ntp?,,,,,,,,,,,,,,,,,,ACAS / Nessus,10.10.1.202603040133,True
WKS3-SOTERIA,,135,,tcp,epmap,,,,,,,,,,,,,,,,,,ACAS / Nessus,10.10.1.202603040133,True
WKS3-SOTERIA,,137,,udp,netbios-ns,,,,,,,,,,,,,,,,,,ACAS / Nessus,10.10.1.202603040133,True
WKS3-SOTERIA,,138,,udp,netbios-dgm?,,,,,,,,,,,,,,,,,,ACAS / Nessus,10.10.1.202603040133,True
WKS3-SOTERIA,,139,,tcp,smb,,,,,,,,,,,,,,,,,,ACAS / Nessus,10.10.1.202603040133,True
WKS3-SOTERIA,,445,,tcp,cifs,,,,,,,,,,,,,,,,,,ACAS / Nessus,10.10.1.202603040133,True
WKS3-SOTERIA,,500,,udp,isakmp?,,,,,,,,,,,,,,,,,,ACAS / Nessus,10.10.1.202603040133,True
WKS3-SOTERIA,,1900,,udp,ssdp?,,,,,,,,,,,,,,,,,,ACAS / Nessus,10.10.1.202603040133,True
WKS3-SOTERIA,,4500,,udp,ipsec-nat-t?,,,,,,,,,,,,,,,,,,ACAS / Nessus,10.10.1.202603040133,True
WKS3-SOTERIA,,5040,,tcp,unknown,,,,,,,,,,,,,,,,,,ACAS / Nessus,10.10.1.202603040133,True
WKS3-SOTERIA,,5050,,udp,mmcc?,,,,,,,,,,,,,,,,,,ACAS / Nessus,10.10.1.202603040133,True
WKS3-SOTERIA,,5353,,udp,mdns?,,,,,,,,,,,,,,,,,,ACAS / Nessus,10.10.1.202603040133,True
WKS3-SOTERIA,,5355,,udp,llmnr?,,,,,,,,,,,,,,,,,,ACAS / Nessus,10.10.1.202603040133,True
WKS3-SOTERIA,,7680,,tcp,unknown,,,,,,,,,,,,,,,,,,ACAS / Nessus,10.10.1.202603040133,True
WKS3-SOTERIA,,49664,,tcp,dce-rpc,,,,,,,,,,,,,,,,,,ACAS / Nessus,10.10.1.202603040133,True
WKS3-SOTERIA,,49665,,tcp,dce-rpc,,,,,,,,,,,,,,,,,,ACAS / Nessus,10.10.1.202603040133,True
WKS3-SOTERIA,,49666,,tcp,dce-rpc,,,,,,,,,,,,,,,,,,ACAS / Nessus,10.10.1.202603040133,True
WKS3-SOTERIA,,49667,,tcp,dce-rpc,,,,,,,,,,,,,,,,,,ACAS / Nessus,10.10.1.202603040133,True
WKS3-SOTERIA,,49669,,tcp,dce-rpc,,,,,,,,,,,,,,,,,,ACAS / Nessus,10.10.1.202603040133,True
WKS3-SOTERIA,,49673,,tcp,dce-rpc,,,,,,,,,,,,,,,,,,ACAS / Nessus,10.10.1.202603040133,True
WKS3-SOTERIA,,49674,,tcp,dce-rpc,,,,,,,,,,,,,,,,,,ACAS / Nessus,10.10.1.202603040133,True
WKS3-SOTERIA,,49684,,tcp,unknown,,,,,,,,,,,,,,,,,,ACAS / Nessus,10.10.1.202603040133,True
WKS3-SOTERIA,,51424,,udp,unknown,,,,,,,,,,,,,,,,,,ACAS / Nessus,10.10.1.202603040133,True
WKS4-SOTERIA,,123,,udp,ntp?,,,,,,,,,,,,,,,,,,ACAS / Nessus,10.10.1.202603040133,True
WKS4-SOTERIA,,135,,tcp,epmap,,,,,,,,,,,,,,,,,,ACAS / Nessus,10.10.1.202603040133,True
WKS4-SOTERIA,,137,,udp,netbios-ns,,,,,,,,,,,,,,,,,,ACAS / Nessus,10.10.1.202603040133,True
WKS4-SOTERIA,,138,,udp,netbios-dgm?,,,,,,,,,,,,,,,,,,ACAS / Nessus,10.10.1.202603040133,True
WKS4-SOTERIA,,139,,tcp,smb,,,,,,,,,,,,,,,,,,ACAS / Nessus,10.10.1.202603040133,True
WKS4-SOTERIA,,445,,tcp,cifs,,,,,,,,,,,,,,,,,,ACAS / Nessus,10.10.1.202603040133,True
WKS4-SOTERIA,,500,,udp,isakmp?,,,,,,,,,,,,,,,,,,ACAS / Nessus,10.10.1.202603040133,True
WKS4-SOTERIA,,1900,,udp,ssdp?,,,,,,,,,,,,,,,,,,ACAS / Nessus,10.10.1.202603040133,True
WKS4-SOTERIA,,4500,,udp,ipsec-nat-t?,,,,,,,,,,,,,,,,,,ACAS / Nessus,10.10.1.202603040133,True
WKS4-SOTERIA,,5040,,tcp,unknown,,,,,,,,,,,,,,,,,,ACAS / Nessus,10.10.1.202603040133,True
WKS4-SOTERIA,,5050,,udp,mmcc?,,,,,,,,,,,,,,,,,,ACAS / Nessus,10.10.1.202603040133,True
WKS4-SOTERIA,,5353,,udp,mdns?,,,,,,,,,,,,,,,,,,ACAS / Nessus,10.10.1.202603040133,True
WKS4-SOTERIA,,5355,,udp,llmnr?,,,,,,,,,,,,,,,,,,ACAS / Nessus,10.10.1.202603040133,True
WKS4-SOTERIA,,7680,,tcp,unknown,,,,,,,,,,,,,,,,,,ACAS / Nessus,10.10.1.202603040133,True
WKS4-SOTERIA,,49664,,tcp,dce-rpc,,,,,,,,,,,,,,,,,,ACAS / Nessus,10.10.1.202603040133,True
WKS4-SOTERIA,,49665,,tcp,dce-rpc,,,,,,,,,,,,,,,,,,ACAS / Nessus,10.10.1.202603040133,True
WKS4-SOTERIA,,49666,,tcp,dce-rpc,,,,,,,,,,,,,,,,,,ACAS / Nessus,10.10.1.202603040133,True
WKS4-SOTERIA,,49667,,tcp,dce-rpc,,,,,,,,,,,,,,,,,,ACAS / Nessus,10.10.1.202603040133,True
WKS4-SOTERIA,,49669,,tcp,dce-rpc,,,,,,,,,,,,,,,,,,ACAS / Nessus,10.10.1.202603040133,True
WKS4-SOTERIA,,49673,,tcp,dce-rpc,,,,,,,,,,,,,,,,,,ACAS / Nessus,10.10.1.202603040133,True
WKS4-SOTERIA,,49675,,tcp,dce-rpc,,,,,,,,,,,,,,,,,,ACAS / Nessus,10.10.1.202603040133,True
WKS4-SOTERIA,,49679,,tcp,unknown,,,,,,,,,,,,,,,,,,ACAS / Nessus,10.10.1.202603040133,True
WKS4-SOTERIA,,53708,,udp,unknown,,,,,,,,,,,,,,,,,,ACAS / Nessus,10.10.1.202603040133,True
WKS4-SOTERIA,,54725,,udp,unknown,,,,,,,,,,,,,,,,,,ACAS / Nessus,10.10.1.202603040133,True
WKS5-SOTERIA,,123,,udp,ntp?,,,,,,,,,,,,,,,,,,ACAS / Nessus,10.10.1.202603040133,True
WKS5-SOTERIA,,135,,tcp,epmap,,,,,,,,,,,,,,,,,,ACAS / Nessus,10.10.1.202603040133,True
WKS5-SOTERIA,,137,,udp,netbios-ns,,,,,,,,,,,,,,,,,,ACAS / Nessus,10.10.1.202603040133,True
WKS5-SOTERIA,,138,,udp,netbios-dgm?,,,,,,,,,,,,,,,,,,ACAS / Nessus,10.10.1.202603040133,True
WKS5-SOTERIA,,139,,tcp,smb,,,,,,,,,,,,,,,,,,ACAS / Nessus,10.10.1.202603040133,True
WKS5-SOTERIA,,445,,tcp,cifs,,,,,,,,,,,,,,,,,,ACAS / Nessus,10.10.1.202603040133,True
WKS5-SOTERIA,,500,,udp,isakmp?,,,,,,,,,,,,,,,,,,ACAS / Nessus,10.10.1.202603040133,True
WKS5-SOTERIA,,1900,,udp,ssdp?,,,,,,,,,,,,,,,,,,ACAS / Nessus,10.10.1.202603040133,True
WKS5-SOTERIA,,4500,,udp,ipsec-nat-t?,,,,,,,,,,,,,,,,,,ACAS / Nessus,10.10.1.202603040133,True
WKS5-SOTERIA,,5040,,tcp,unknown,,,,,,,,,,,,,,,,,,ACAS / Nessus,10.10.1.202603040133,True
WKS5-SOTERIA,,5050,,udp,mmcc?,,,,,,,,,,,,,,,,,,ACAS / Nessus,10.10.1.202603040133,True
WKS5-SOTERIA,,5353,,udp,mdns?,,,,,,,,,,,,,,,,,,ACAS / Nessus,10.10.1.202603040133,True
WKS5-SOTERIA,,5355,,udp,llmnr?,,,,,,,,,,,,,,,,,,ACAS / Nessus,10.10.1.202603040133,True
WKS5-SOTERIA,,7680,,tcp,unknown,,,,,,,,,,,,,,,,,,ACAS / Nessus,10.10.1.202603040133,True
WKS5-SOTERIA,,49664,,tcp,dce-rpc,,,,,,,,,,,,,,,,,,ACAS / Nessus,10.10.1.202603040133,True
WKS5-SOTERIA,,49665,,tcp,dce-rpc,,,,,,,,,,,,,,,,,,ACAS / Nessus,10.10.1.202603040133,True
WKS5-SOTERIA,,49666,,tcp,dce-rpc,,,,,,,,,,,,,,,,,,ACAS / Nessus,10.10.1.202603040133,True
WKS5-SOTERIA,,49667,,tcp,dce-rpc,,,,,,,,,,,,,,,,,,ACAS / Nessus,10.10.1.202603040133,True
WKS5-SOTERIA,,49669,,tcp,dce-rpc,,,,,,,,,,,,,,,,,,ACAS / Nessus,10.10.1.202603040133,True
WKS5-SOTERIA,,49672,,tcp,dce-rpc,,,,,,,,,,,,,,,,,,ACAS / Nessus,10.10.1.202603040133,True
WKS5-SOTERIA,,49673,,tcp,dce-rpc,,,,,,,,,,,,,,,,,,ACAS / Nessus,10.10.1.202603040133,True
WKS5-SOTERIA,,49687,,tcp,unknown,,,,,,,,,,,,,,,,,,ACAS / Nessus,10.10.1.202603040133,True
WKS5-SOTERIA,,49996,,udp,unknown,,,,,,,,,,,,,,,,,,ACAS / Nessus,10.10.1.202603040133,True
WKS5-SOTERIA,,55257,,udp,unknown,,,,,,,,,,,,,,,,,,ACAS / Nessus,10.10.1.202603040133,True
WKS6-SOTERIA,,123,,udp,ntp?,,,,,,,,,,,,,,,,,,ACAS / Nessus,10.10.1.202603040133,True
WKS6-SOTERIA,,135,,tcp,epmap,,,,,,,,,,,,,,,,,,ACAS / Nessus,10.10.1.202603040133,True
WKS6-SOTERIA,,137,,udp,netbios-ns,,,,,,,,,,,,,,,,,,ACAS / Nessus,10.10.1.202603040133,True
WKS6-SOTERIA,,138,,udp,netbios-dgm?,,,,,,,,,,,,,,,,,,ACAS / Nessus,10.10.1.202603040133,True
WKS6-SOTERIA,,139,,tcp,smb,,,,,,,,,,,,,,,,,,ACAS / Nessus,10.10.1.202603040133,True
WKS6-SOTERIA,,445,,tcp,cifs,,,,,,,,,,,,,,,,,,ACAS / Nessus,10.10.1.202603040133,True
WKS6-SOTERIA,,500,,udp,isakmp?,,,,,,,,,,,,,,,,,,ACAS / Nessus,10.10.1.202603040133,True
WKS6-SOTERIA,,1900,,udp,ssdp?,,,,,,,,,,,,,,,,,,ACAS / Nessus,10.10.1.202603040133,True
WKS6-SOTERIA,,4500,,udp,ipsec-nat-t?,,,,,,,,,,,,,,,,,,ACAS / Nessus,10.10.1.202603040133,True
WKS6-SOTERIA,,5040,,tcp,unknown,,,,,,,,,,,,,,,,,,ACAS / Nessus,10.10.1.202603040133,True
WKS6-SOTERIA,,5050,,udp,mmcc?,,,,,,,,,,,,,,,,,,ACAS / Nessus,10.10.1.202603040133,True
WKS6-SOTERIA,,5353,,udp,mdns?,,,,,,,,,,,,,,,,,,ACAS / Nessus,10.10.1.202603040133,True
WKS6-SOTERIA,,5355,,udp,llmnr?,,,,,,,,,,,,,,,,,,ACAS / Nessus,10.10.1.202603040133,True
WKS6-SOTERIA,,7680,,tcp,unknown,,,,,,,,,,,,,,,,,,ACAS / Nessus,10.10.1.202603040133,True
WKS6-SOTERIA,,49664,,tcp,dce-rpc,,,,,,,,,,,,,,,,,,ACAS / Nessus,10.10.1.202603040133,True
WKS6-SOTERIA,,49665,,tcp,dce-rpc,,,,,,,,,,,,,,,,,,ACAS / Nessus,10.10.1.202603040133,True
WKS6-SOTERIA,,49666,,tcp,dce-rpc,,,,,,,,,,,,,,,,,,ACAS / Nessus,10.10.1.202603040133,True
WKS6-SOTERIA,,49667,,tcp,dce-rpc,,,,,,,,,,,,,,,,,,ACAS / Nessus,10.10.1.202603040133,True
WKS6-SOTERIA,,49668,,tcp,dce-rpc,,,,,,,,,,,,,,,,,,ACAS / Nessus,10.10.1.202603040133,True
WKS6-SOTERIA,,49671,,tcp,dce-rpc,,,,,,,,,,,,,,,,,,ACAS / Nessus,10.10.1.202603040133,True
WKS6-SOTERIA,,49676,,tcp,dce-rpc,,,,,,,,,,,,,,,,,,ACAS / Nessus,10.10.1.202603040133,True
WKS6-SOTERIA,,49685,,tcp,unknown,,,,,,,,,,,,,,,,,,ACAS / Nessus,10.10.1.202603040133,True
WKS6-SOTERIA,,51766,,udp,unknown,,,,,,,,,,,,,,,,,,ACAS / Nessus,10.10.1.202603040133,True
WKS6-SOTERIA,,58447,,udp,unknown,,,,,,,,,,,,,,,,,,ACAS / Nessus,10.10.1.202603040133,True
WKS7-SOTERIA,,123,,udp,ntp?,,,,,,,,,,,,,,,,,,ACAS / Nessus,10.10.1.202603040133,True
WKS7-SOTERIA,,135,,tcp,epmap,,,,,,,,,,,,,,,,,,ACAS / Nessus,10.10.1.202603040133,True
WKS7-SOTERIA,,137,,udp,netbios-ns,,,,,,,,,,,,,,,,,,ACAS / Nessus,10.10.1.202603040133,True
WKS7-SOTERIA,,138,,udp,netbios-dgm?,,,,,,,,,,,,,,,,,,ACAS / Nessus,10.10.1.202603040133,True
WKS7-SOTERIA,,139,,tcp,smb,,,,,,,,,,,,,,,,,,ACAS / Nessus,10.10.1.202603040133,True
WKS7-SOTERIA,,445,,tcp,cifs,,,,,,,,,,,,,,,,,,ACAS / Nessus,10.10.1.202603040133,True
WKS7-SOTERIA,,500,,udp,isakmp?,,,,,,,,,,,,,,,,,,ACAS / Nessus,10.10.1.202603040133,True
WKS7-SOTERIA,,1900,,udp,ssdp?,,,,,,,,,,,,,,,,,,ACAS / Nessus,10.10.1.202603040133,True
WKS7-SOTERIA,,4500,,udp,ipsec-nat-t?,,,,,,,,,,,,,,,,,,ACAS / Nessus,10.10.1.202603040133,True
WKS7-SOTERIA,,5040,,tcp,unknown,,,,,,,,,,,,,,,,,,ACAS / Nessus,10.10.1.202603040133,True
WKS7-SOTERIA,,5050,,udp,mmcc?,,,,,,,,,,,,,,,,,,ACAS / Nessus,10.10.1.202603040133,True
WKS7-SOTERIA,,5353,,udp,mdns?,,,,,,,,,,,,,,,,,,ACAS / Nessus,10.10.1.202603040133,True
WKS7-SOTERIA,,5355,,udp,llmnr?,,,,,,,,,,,,,,,,,,ACAS / Nessus,10.10.1.202603040133,True
WKS7-SOTERIA,,7680,,tcp,unknown,,,,,,,,,,,,,,,,,,ACAS / Nessus,10.10.1.202603040133,True
WKS7-SOTERIA,,49664,,tcp,dce-rpc,,,,,,,,,,,,,,,,,,ACAS / Nessus,10.10.1.202603040133,True
WKS7-SOTERIA,,49665,,tcp,dce-rpc,,,,,,,,,,,,,,,,,,ACAS / Nessus,10.10.1.202603040133,True
WKS7-SOTERIA,,49666,,tcp,dce-rpc,,,,,,,,,,,,,,,,,,ACAS / Nessus,10.10.1.202603040133,True
WKS7-SOTERIA,,49667,,tcp,dce-rpc,,,,,,,,,,,,,,,,,,ACAS / Nessus,10.10.1.202603040133,True
WKS7-SOTERIA,,49668,,tcp,dce-rpc,,,,,,,,,,,,,,,,,,ACAS / Nessus,10.10.1.202603040133,True
WKS7-SOTERIA,,49673,,tcp,dce-rpc,,,,,,,,,,,,,,,,,,ACAS / Nessus,10.10.1.202603040133,True
WKS7-SOTERIA,,49675,,tcp,dce-rpc,,,,,,,,,,,,,,,,,,ACAS / Nessus,10.10.1.202603040133,True
WKS7-SOTERIA,,49680,,tcp,unknown,,,,,,,,,,,,,,,,,,ACAS / Nessus,10.10.1.202603040133,True
WKS7-SOTERIA,,54407,,udp,unknown,,,,,,,,,,,,,,,,,,ACAS / Nessus,10.10.1.202603040133,True
WKS7-SOTERIA,,58741,,udp,unknown,,,,,,,,,,,,,,,,,,ACAS / Nessus,10.10.1.202603040133,True
,,,,,,,,,,,,,,,,,,,,,,,,,
,,,,,,,,,,,,,,,,,,,,,,,,,
,,,,,,,,,,,,,,,,,,,,,,,,,
,,,,,,,,,,,,,,,,,,,,,,,,,