Device,Software,Version,Type,Approval,Installed On,Scanner,Scanner Version,Credentialed?
SOT-WIN2K22-01,Microsoft Visual C++ 2015-2022 Redistributable (x64) - 14.44.35211,14.44.35211.0,OS,,,ACAS / Nessus,10.10.1.202603030606,True
SOT-WIN2K22-01,Microsoft Visual C++ 2015-2022 Redistributable (x86) - 14.44.35211,14.44.35211.0,OS,,,ACAS / Nessus,10.10.1.202603030606,True
SOT-WIN2K22-01,Microsoft Visual C++ 2022 X64 Additional Runtime - 14.44.35211,14.44.35211,OS,,2025/07/25,ACAS / Nessus,10.10.1.202603030606,True
SOT-WIN2K22-01,Microsoft Visual C++ 2022 X64 Minimum Runtime - 14.44.35211,14.44.35211,OS,,2025/07/25,ACAS / Nessus,10.10.1.202603030606,True
SOT-WIN2K22-01,Microsoft Visual C++ 2022 X86 Additional Runtime - 14.44.35211,14.44.35211,OS,,2025/07/25,ACAS / Nessus,10.10.1.202603030606,True
SOT-WIN2K22-01,Microsoft Visual C++ 2022 X86 Minimum Runtime - 14.44.35211,14.44.35211,OS,,2025/07/25,ACAS / Nessus,10.10.1.202603030606,True
SOT-WIN2K22-02,Microsoft Visual C++ 2015-2022 Redistributable (x64) - 14.44.35211,14.44.35211.0,OS,,,ACAS / Nessus,10.10.1.202603030606,True
SOT-WIN2K22-02,Microsoft Visual C++ 2015-2022 Redistributable (x86) - 14.44.35211,14.44.35211.0,OS,,,ACAS / Nessus,10.10.1.202603030606,True
SOT-WIN2K22-02,Microsoft Visual C++ 2022 X64 Additional Runtime - 14.44.35211,14.44.35211,OS,,2025/07/25,ACAS / Nessus,10.10.1.202603030606,True
SOT-WIN2K22-02,Microsoft Visual C++ 2022 X64 Minimum Runtime - 14.44.35211,14.44.35211,OS,,2025/07/25,ACAS / Nessus,10.10.1.202603030606,True
SOT-WIN2K22-02,Microsoft Visual C++ 2022 X86 Additional Runtime - 14.44.35211,14.44.35211,OS,,2025/07/25,ACAS / Nessus,10.10.1.202603030606,True
SOT-WIN2K22-02,Microsoft Visual C++ 2022 X86 Minimum Runtime - 14.44.35211,14.44.35211,OS,,2025/07/25,ACAS / Nessus,10.10.1.202603030606,True
SOT-WIN2K22-SQL,Browser for SQL Server 2022,16.0.1000.6,OS,,2024/11/25,ACAS / Nessus,10.10.1.202603030606,True
SOT-WIN2K22-SQL,GDR 1110 for SQL Server 2022 (KB5032968) (64-bit),16.0.1110.1,OS,,2024/02/03,ACAS / Nessus,10.10.1.202603030606,True
SOT-WIN2K22-SQL,GDR 1121 for SQL Server 2022 (KB5040936) (64-bit),16.0.1121.4,OS,,2024/07/19,ACAS / Nessus,10.10.1.202603030606,True
SOT-WIN2K22-SQL,GDR 1140 for SQL Server 2022 (KB5058712) (64-bit),16.0.1140.6,OS,,2025/07/28,ACAS / Nessus,10.10.1.202603030606,True
SOT-WIN2K22-SQL,Microsoft MPI (10.1.12498.18),10.1.12498.18,OS,,2024/02/02,ACAS / Nessus,10.10.1.202603030606,True
SOT-WIN2K22-SQL,Microsoft ODBC Driver 17 for SQL Server,17.10.6.1,OS,,2024/04/26,ACAS / Nessus,10.10.1.202603030606,True
SOT-WIN2K22-SQL,Microsoft OLE DB Driver for SQL Server,18.7.4.0,OS,,2024/07/19,ACAS / Nessus,10.10.1.202603030606,True
SOT-WIN2K22-SQL,Microsoft SQL Server 2022 (64-bit),,OS,,,ACAS / Nessus,10.10.1.202603030606,True
SOT-WIN2K22-SQL,Microsoft SQL Server 2022 RsFx Driver,16.0.1000.6,OS,,2024/02/02,ACAS / Nessus,10.10.1.202603030606,True
SOT-WIN2K22-SQL,Microsoft Visual C++ 2015-2022 Redistributable (x64) - 14.44.35211,14.44.35211.0,OS,,,ACAS / Nessus,10.10.1.202603030606,True
SOT-WIN2K22-SQL,Microsoft Visual C++ 2015-2022 Redistributable (x86) - 14.44.35211,14.44.35211.0,OS,,,ACAS / Nessus,10.10.1.202603030606,True
SOT-WIN2K22-SQL,Microsoft Visual C++ 2022 X64 Additional Runtime - 14.44.35211,14.44.35211,OS,,2025/07/28,ACAS / Nessus,10.10.1.202603030606,True
SOT-WIN2K22-SQL,Microsoft Visual C++ 2022 X64 Minimum Runtime - 14.44.35211,14.44.35211,OS,,2025/07/28,ACAS / Nessus,10.10.1.202603030606,True
SOT-WIN2K22-SQL,Microsoft Visual C++ 2022 X86 Additional Runtime - 14.44.35211,14.44.35211,OS,,2025/07/28,ACAS / Nessus,10.10.1.202603030606,True
SOT-WIN2K22-SQL,Microsoft Visual C++ 2022 X86 Minimum Runtime - 14.44.35211,14.44.35211,OS,,2025/07/28,ACAS / Nessus,10.10.1.202603030606,True
SOT-WIN2K22-SQL,Microsoft VSS Writer for SQL Server 2022,16.0.1000.6,OS,,2024/11/25,ACAS / Nessus,10.10.1.202603030606,True
SOT-WIN2K22-SQL,SQL Server 2022 Advanced Analytics,16.0.1000.6,OS,,2024/11/25,ACAS / Nessus,10.10.1.202603030606,True
SOT-WIN2K22-SQL,SQL Server 2022 Batch Parser,16.0.1000.6,OS,,2024/02/02,ACAS / Nessus,10.10.1.202603030606,True
SOT-WIN2K22-SQL,SQL Server 2022 Common Files,16.0.1000.6,OS,,2024/11/25,ACAS / Nessus,10.10.1.202603030606,True
SOT-WIN2K22-SQL,SQL Server 2022 Connection Info,16.0.1000.6,OS,,2024/02/02,ACAS / Nessus,10.10.1.202603030606,True
SOT-WIN2K22-SQL,SQL Server 2022 Database Engine Services,16.0.1000.6,OS,,2024/11/25,ACAS / Nessus,10.10.1.202603030606,True
SOT-WIN2K22-SQL,SQL Server 2022 Database Engine Shared,16.0.1000.6,OS,,2024/02/02,ACAS / Nessus,10.10.1.202603030606,True
SOT-WIN2K22-SQL,SQL Server 2022 DMF,16.0.1000.6,OS,,2024/02/02,ACAS / Nessus,10.10.1.202603030606,True
SOT-WIN2K22-SQL,SQL Server 2022 Full text search,16.0.1000.6,OS,,2024/02/02,ACAS / Nessus,10.10.1.202603030606,True
SOT-WIN2K22-SQL,SQL Server 2022 Shared Management Objects,16.0.1000.6,OS,,2024/02/02,ACAS / Nessus,10.10.1.202603030606,True
SOT-WIN2K22-SQL,SQL Server 2022 Shared Management Objects Extensions,16.0.1000.6,OS,,2024/02/02,ACAS / Nessus,10.10.1.202603030606,True
SOT-WIN2K22-SQL,SQL Server 2022 SQL Diagnostics,16.0.1000.6,OS,,2024/02/02,ACAS / Nessus,10.10.1.202603030606,True
SOT-WIN2K22-SQL,SQL Server 2022 XEvent,16.0.1000.6,OS,,2024/02/02,ACAS / Nessus,10.10.1.202603030606,True
SOT-WIN2K22-WEB,Microsoft Visual C++ 2015-2022 Redistributable (x64) - 14.44.35211,14.44.35211.0,OS,,,ACAS / Nessus,10.10.1.202603030606,True
SOT-WIN2K22-WEB,Microsoft Visual C++ 2015-2022 Redistributable (x86) - 14.44.35211,14.44.35211.0,OS,,,ACAS / Nessus,10.10.1.202603030606,True
SOT-WIN2K22-WEB,Microsoft Visual C++ 2022 X64 Additional Runtime - 14.44.35211,14.44.35211,OS,,2025/07/28,ACAS / Nessus,10.10.1.202603030606,True
SOT-WIN2K22-WEB,Microsoft Visual C++ 2022 X64 Minimum Runtime - 14.44.35211,14.44.35211,OS,,2025/07/28,ACAS / Nessus,10.10.1.202603030606,True
SOT-WIN2K22-WEB,Microsoft Visual C++ 2022 X86 Additional Runtime - 14.44.35211,14.44.35211,OS,,2025/07/28,ACAS / Nessus,10.10.1.202603030606,True
SOT-WIN2K22-WEB,Microsoft Visual C++ 2022 X86 Minimum Runtime - 14.44.35211,14.44.35211,OS,,2025/07/28,ACAS / Nessus,10.10.1.202603030606,True
WKS1-SOTERIA,Adobe Refresh Manager,1.8.0,OS,,2025/05/05,ACAS / Nessus,10.10.1.202603030606,True
WKS2-SOTERIA,Adobe Refresh Manager,1.8.0,OS,,2025/05/05,ACAS / Nessus,10.10.1.202603030606,True
WKS2-SOTERIA,Microsoft Visual C++ 2015-2022 Redistributable (x64) - 14.44.35211,14.44.35211.0,OS,,,ACAS / Nessus,10.10.1.202603030606,True
WKS2-SOTERIA,Microsoft Visual C++ 2015-2022 Redistributable (x86) - 14.44.35211,14.44.35211.0,OS,,,ACAS / Nessus,10.10.1.202603030606,True
WKS2-SOTERIA,Microsoft Visual C++ 2022 X64 Additional Runtime - 14.44.35211,14.44.35211,OS,,2025/07/25,ACAS / Nessus,10.10.1.202603030606,True
WKS2-SOTERIA,Microsoft Visual C++ 2022 X64 Minimum Runtime - 14.44.35211,14.44.35211,OS,,2025/07/25,ACAS / Nessus,10.10.1.202603030606,True
WKS2-SOTERIA,Microsoft Visual C++ 2022 X86 Additional Runtime - 14.44.35211,14.44.35211,OS,,2025/07/25,ACAS / Nessus,10.10.1.202603030606,True
WKS2-SOTERIA,Microsoft Visual C++ 2022 X86 Minimum Runtime - 14.44.35211,14.44.35211,OS,,2025/07/25,ACAS / Nessus,10.10.1.202603030606,True
WKS3-SOTERIA,Adobe Refresh Manager,1.8.0,OS,,2024/07/01,ACAS / Nessus,10.10.1.202603030606,True
WKS3-SOTERIA,Microsoft Visual C++ 2015-2022 Redistributable (x64) - 14.44.35211,14.44.35211.0,OS,,,ACAS / Nessus,10.10.1.202603030606,True
WKS3-SOTERIA,Microsoft Visual C++ 2015-2022 Redistributable (x86) - 14.44.35211,14.44.35211.0,OS,,,ACAS / Nessus,10.10.1.202603030606,True
WKS3-SOTERIA,Microsoft Visual C++ 2022 X64 Additional Runtime - 14.44.35211,14.44.35211,OS,,2025/07/25,ACAS / Nessus,10.10.1.202603030606,True
WKS3-SOTERIA,Microsoft Visual C++ 2022 X64 Minimum Runtime - 14.44.35211,14.44.35211,OS,,2025/07/25,ACAS / Nessus,10.10.1.202603030606,True
WKS3-SOTERIA,Microsoft Visual C++ 2022 X86 Additional Runtime - 14.44.35211,14.44.35211,OS,,2025/07/25,ACAS / Nessus,10.10.1.202603030606,True
WKS3-SOTERIA,Microsoft Visual C++ 2022 X86 Minimum Runtime - 14.44.35211,14.44.35211,OS,,2025/07/25,ACAS / Nessus,10.10.1.202603030606,True
WKS4-SOTERIA,Adobe Refresh Manager,1.8.0,OS,,2025/05/05,ACAS / Nessus,10.10.1.202603030606,True
WKS4-SOTERIA,Microsoft Visual C++ 2015-2022 Redistributable (x64) - 14.44.35211,14.44.35211.0,OS,,,ACAS / Nessus,10.10.1.202603030606,True
WKS4-SOTERIA,Microsoft Visual C++ 2015-2022 Redistributable (x86) - 14.44.35211,14.44.35211.0,OS,,,ACAS / Nessus,10.10.1.202603030606,True
WKS4-SOTERIA,Microsoft Visual C++ 2022 X64 Additional Runtime - 14.44.35211,14.44.35211,OS,,2025/07/25,ACAS / Nessus,10.10.1.202603030606,True
WKS4-SOTERIA,Microsoft Visual C++ 2022 X64 Minimum Runtime - 14.44.35211,14.44.35211,OS,,2025/07/25,ACAS / Nessus,10.10.1.202603030606,True
WKS4-SOTERIA,Microsoft Visual C++ 2022 X86 Additional Runtime - 14.44.35211,14.44.35211,OS,,2025/07/25,ACAS / Nessus,10.10.1.202603030606,True
WKS4-SOTERIA,Microsoft Visual C++ 2022 X86 Minimum Runtime - 14.44.35211,14.44.35211,OS,,2025/07/25,ACAS / Nessus,10.10.1.202603030606,True
WKS5-SOTERIA,Adobe Refresh Manager,1.8.0,OS,,2025/05/05,ACAS / Nessus,10.10.1.202603030606,True
WKS5-SOTERIA,Microsoft Visual C++ 2015-2022 Redistributable (x64) - 14.44.35211,14.44.35211.0,OS,,,ACAS / Nessus,10.10.1.202603030606,True
WKS5-SOTERIA,Microsoft Visual C++ 2015-2022 Redistributable (x86) - 14.44.35211,14.44.35211.0,OS,,,ACAS / Nessus,10.10.1.202603030606,True
WKS5-SOTERIA,Microsoft Visual C++ 2022 X64 Additional Runtime - 14.44.35211,14.44.35211,OS,,2025/07/25,ACAS / Nessus,10.10.1.202603030606,True
WKS5-SOTERIA,Microsoft Visual C++ 2022 X64 Minimum Runtime - 14.44.35211,14.44.35211,OS,,2025/07/25,ACAS / Nessus,10.10.1.202603030606,True
WKS5-SOTERIA,Microsoft Visual C++ 2022 X86 Additional Runtime - 14.44.35211,14.44.35211,OS,,2025/07/25,ACAS / Nessus,10.10.1.202603030606,True
WKS5-SOTERIA,Microsoft Visual C++ 2022 X86 Minimum Runtime - 14.44.35211,14.44.35211,OS,,2025/07/25,ACAS / Nessus,10.10.1.202603030606,True
WKS6-SOTERIA,Adobe Refresh Manager,1.8.0,OS,,2025/05/05,ACAS / Nessus,10.10.1.202603030606,True
WKS6-SOTERIA,Microsoft Visual C++ 2015-2022 Redistributable (x64) - 14.44.35211,14.44.35211.0,OS,,,ACAS / Nessus,10.10.1.202603030606,True
WKS6-SOTERIA,Microsoft Visual C++ 2015-2022 Redistributable (x86) - 14.44.35211,14.44.35211.0,OS,,,ACAS / Nessus,10.10.1.202603030606,True
WKS6-SOTERIA,Microsoft Visual C++ 2022 X64 Additional Runtime - 14.44.35211,14.44.35211,OS,,2025/07/25,ACAS / Nessus,10.10.1.202603030606,True
WKS6-SOTERIA,Microsoft Visual C++ 2022 X64 Minimum Runtime - 14.44.35211,14.44.35211,OS,,2025/07/25,ACAS / Nessus,10.10.1.202603030606,True
WKS6-SOTERIA,Microsoft Visual C++ 2022 X86 Additional Runtime - 14.44.35211,14.44.35211,OS,,2025/07/25,ACAS / Nessus,10.10.1.202603030606,True
WKS6-SOTERIA,Microsoft Visual C++ 2022 X86 Minimum Runtime - 14.44.35211,14.44.35211,OS,,2025/07/25,ACAS / Nessus,10.10.1.202603030606,True
WKS7-SOTERIA,Adobe Refresh Manager,1.8.0,OS,,2025/05/05,ACAS / Nessus,10.10.1.202603030606,True
WKS7-SOTERIA,Microsoft Visual C++ 2015-2022 Redistributable (x64) - 14.44.35211,14.44.35211.0,OS,,,ACAS / Nessus,10.10.1.202603030606,True
WKS7-SOTERIA,Microsoft Visual C++ 2015-2022 Redistributable (x86) - 14.44.35211,14.44.35211.0,OS,,,ACAS / Nessus,10.10.1.202603030606,True
WKS7-SOTERIA,Microsoft Visual C++ 2022 X64 Additional Runtime - 14.44.35211,14.44.35211,OS,,2025/07/25,ACAS / Nessus,10.10.1.202603030606,True
WKS7-SOTERIA,Microsoft Visual C++ 2022 X64 Minimum Runtime - 14.44.35211,14.44.35211,OS,,2025/07/25,ACAS / Nessus,10.10.1.202603030606,True
WKS7-SOTERIA,Microsoft Visual C++ 2022 X86 Additional Runtime - 14.44.35211,14.44.35211,OS,,2025/07/25,ACAS / Nessus,10.10.1.202603030606,True
WKS7-SOTERIA,Microsoft Visual C++ 2022 X86 Minimum Runtime - 14.44.35211,14.44.35211,OS,,2025/07/25,ACAS / Nessus,10.10.1.202603030606,True
,,,,,,,,
,,,,,,,,
,,,,,,,,
,,,,,,,,